<?xml version="1.0" encoding="UTF-8"?>
<project-private xmlns="http://www.netbeans.org/ns/project-private/1">
    <editor-bookmarks xmlns="http://www.netbeans.org/ns/editor-bookmarks/2" lastBookmarkId="0"/>
    <open-files xmlns="http://www.netbeans.org/ns/projectui-open-files/2">
        <group>
            <file>file:/D:/Users/Touba/Documents/NetbeansProjects/Talent/src/entity/Talent.java</file>
            <file>file:/D:/Users/Touba/Documents/NetbeansProjects/Talent/src/entity/School.java</file>
            <file>file:/D:/Users/Touba/Documents/NetbeansProjects/Talent/src/talent/TalentApp.java</file>
            <file>file:/D:/Users/Touba/Documents/NetbeansProjects/Talent/src/talent/FXMLDocumentController.java</file>
            <file>file:/D:/Users/Touba/Documents/NetbeansProjects/Talent/src/talent/FXMLDocument.fxml</file>
            <file>file:/D:/Users/Touba/Documents/NetbeansProjects/Talent/src/entity/TalentForeign.java</file>
        </group>
    </open-files>
</project-private>
